entry_type,exit_reason,entry_price,exit_price,entry_time,exit_time,qty,pnl,net,balance
short,take_profit,63682.0,63418.48181200578,2024-07-01 10:10:00,2024-07-01 10:30:00,0.062400000000000004,16.4435,8.5223,2008.5223
short,take_profit,58225.8,57957.12677283965,2024-07-05 01:35:00,2024-07-05 02:10:00,0.0682,18.3235,10.4066,2018.9289
long,take_profit,54040.0,54641.471914991955,2024-07-05 13:05:00,2024-07-05 13:45:00,0.07350000000000001,44.2082,36.1626,2055.0915
long,take_profit,58461.9,58728.53656212206,2024-07-10 18:20:00,2024-07-10 18:35:00,0.068,18.1313,10.1392,2065.2308
short,take_profit,64988.9,64650.42118120961,2024-07-17 04:25:00,2024-07-17 04:55:00,0.0611,20.6811,12.7708,2078.0016
long,stop_loss,66535.9,66437.76653730849,2024-07-20 20:05:00,2024-07-20 21:10:00,0.0597,-5.8586,-13.8128,2064.1888
long,stop_loss,65859.9,65567.26670323106,2024-07-24 01:55:00,2024-07-24 03:50:00,0.0603,-17.6458,-25.5913,2038.5976
long,take_profit,63900.0,64226.963654513616,2024-08-01 11:20:00,2024-08-01 13:40:00,0.062200000000000005,20.3371,12.3009,2050.8985
short,stop_loss,64359.5,64515.97617289907,2024-08-01 15:25:00,2024-08-01 16:35:00,0.061700000000000005,-9.6546,-17.639,2033.2595
short,stop_loss,63527.3,63733.715351915096,2024-08-02 04:15:00,2024-08-02 04:30:00,0.0625,-12.901,-20.8726,2012.3869
short,stop_loss,56502.7,57058.88740160156,2024-08-07 00:25:00,2024-08-07 02:15:00,0.0703,-39.1,-47.1589,1965.228
long,take_profit,60608.1,60902.42634011332,2024-08-14 08:10:00,2024-08-14 11:10:00,0.0656,19.3078,11.2578,1976.4858
short,take_profit,59694.0,59398.2869443434,2024-08-17 03:45:00,2024-08-17 04:25:00,0.0666,19.6945,11.7694,1988.2552
short,stop_loss,59915.6,60153.64568099617,2024-08-22 01:55:00,2024-08-22 02:20:00,0.0663,-15.7824,-23.7671,1964.4881
short,take_profit,62093.7,61884.07563447707,2024-08-28 03:20:00,2024-08-28 03:55:00,0.064,13.416,5.4832,1969.9713
short,take_profit,61064.1,60832.83141297276,2024-08-29 23:40:00,2024-08-29 23:50:00,0.0651,15.0556,7.1318,1977.1031
long,take_profit,57397.4,57810.719021368306,2024-09-02 07:20:00,2024-09-02 13:40:00,0.0692,28.6017,20.4749,1997.578
short,take_profit,58655.9,58445.61206761684,2024-09-02 23:45:00,2024-09-03 00:25:00,0.06770000000000001,14.2365,6.3097,2003.8877
short,take_profit,58397.9,58063.65113921436,2024-09-05 01:00:00,2024-09-05 01:25:00,0.068,22.7289,14.824,2018.7117
short,take_profit,58387.9,58191.25828933597,2024-09-13 02:30:00,2024-09-13 02:50:00,0.068,13.3716,5.451,2024.1627
long,take_profit,62652.7,62812.26169499263,2024-09-22 19:20:00,2024-09-22 19:35:00,0.0634,10.1162,2.1467,2026.3094
short,take_profit,63785.2,63663.2999759536,2024-09-26 15:30:00,2024-09-26 17:05:00,0.0623,7.5944,-0.3695,2025.9399
short,take_profit,65582.2,65233.449896205275,2024-09-27 01:15:00,2024-09-27 01:35:00,0.0606,21.1343,13.2213,2039.1612
short,take_profit,64034.3,63898.91867823787,2024-10-01 15:50:00,2024-10-01 16:35:00,0.062,8.3936,0.4553,2039.6165
long,stop_loss,62594.5,62319.32537148767,2024-10-01 23:00:00,2024-10-01 23:00:00,0.0635,-17.4736,-25.3881,2014.2283
short,take_profit,62200.0,62096.71431798351,2024-10-05 14:50:00,2024-10-05 15:45:00,0.0639,6.6,-1.3542,2012.8741
short,take_profit,62688.3,62509.45565798932,2024-10-08 12:40:00,2024-10-08 13:20:00,0.0634,11.3387,3.3993,2016.2734
long,stop_loss,61757.8,61594.47356529462,2024-10-10 02:00:00,2024-10-10 02:10:00,0.06430000000000001,-10.5019,-18.4262,1997.8472
long,stop_loss,65765.5,65649.33407740721,2024-10-15 10:55:00,2024-10-15 11:20:00,0.0604,-7.0164,-14.9551,1982.892
short,stop_loss,67725.5,68027.209168288,2024-10-16 19:20:00,2024-10-16 19:25:00,0.0587,-17.7103,-25.6984,1957.1936
long,stop_loss,68173.9,68120.72055544473,2024-10-20 10:35:00,2024-10-20 10:45:00,0.058300000000000005,-3.1004,-11.0465,1946.1471
long,take_profit,68162.5,68249.10562670844,2024-10-20 10:50:00,2024-10-20 12:25:00,0.058300000000000005,5.0491,-2.9402,1943.2069
long,take_profit,67060.5,67464.2726398355,2024-10-21 23:15:00,2024-10-22 01:05:00,0.0592,23.9033,15.8792,1959.0861
long,take_profit,66872.1,67013.66036288992,2024-10-22 17:30:00,2024-10-22 18:20:00,0.0594,8.4087,0.4309,1959.517
short,take_profit,69528.5,69325.85640712566,2024-11-01 14:10:00,2024-11-01 14:25:00,0.057100000000000005,11.5709,3.649,1963.166
long,take_profit,89856.0,90556.17055466733,2024-11-18 22:05:00,2024-11-18 22:30:00,0.0442,30.9475,22.9341,1986.1001
long,take_profit,98509.9,98846.03509017444,2024-11-22 18:55:00,2024-11-22 19:30:00,0.0403,13.5462,5.5677,1991.6677
long,stop_loss,91724.2,91282.08588978952,2024-11-27 04:00:00,2024-11-27 04:20:00,0.043300000000000005,-19.1435,-27.0552,1964.6125
long,take_profit,97058.8,97428.7716420333,2024-11-30 03:20:00,2024-11-30 03:45:00,0.0409,15.1318,7.1539,1971.7664
short,take_profit,95923.2,95564.37063212409,2024-12-04 06:30:00,2024-12-04 09:10:00,0.0414,14.8555,6.8899,1978.6563
long,take_profit,99300.3,99612.48765380234,2024-12-07 12:35:00,2024-12-07 12:45:00,0.04,12.4875,4.5152,1983.1715
short,take_profit,105271.2,104965.62303035581,2024-12-16 15:25:00,2024-12-16 15:55:00,0.037700000000000004,11.5203,3.5959,1986.7674
short,stop_loss,106725.8,107515.1723325257,2024-12-17 00:45:00,2024-12-17 02:20:00,0.037200000000000004,-29.3647,-37.3952,1949.3722
long,take_profit,106339.0,106760.24261585144,2024-12-18 04:20:00,2024-12-18 04:30:00,0.0373,15.7123,7.7447,1957.1169
long,stop_loss,104807.8,104336.18286065206,2024-12-18 11:55:00,2024-12-18 12:10:00,0.0379,-17.8743,-25.7879,1931.329
short,take_profit,97333.4,97111.63258517008,2024-12-22 09:30:00,2024-12-22 09:35:00,0.0408,9.0481,1.1221,1932.4511
short,stop_loss,96153.6,96456.63169921548,2024-12-23 18:25:00,2024-12-23 19:00:00,0.0413,-12.5152,-20.4941,1911.957
long,stop_loss,93446.2,92580.82251184486,2024-12-24 00:30:00,2024-12-24 04:05:00,0.0425,-36.7785,-44.7191,1867.238
short,stop_loss,98122.4,98708.81838987289,2024-12-25 00:05:00,2024-12-25 01:05:00,0.0405,-23.7499,-31.7652,1835.4727
short,take_profit,99254.7,98954.32026905578,2024-12-26 04:35:00,2024-12-26 04:45:00,0.04,12.0152,4.0955,1839.5683
long,stop_loss,101679.9,101528.0389857296,2025-01-07 11:20:00,2025-01-07 11:50:00,0.0391,-5.9378,-13.8872,1825.6811
short,stop_loss,94612.4,94861.21485113507,2025-01-12 21:35:00,2025-01-12 22:05:00,0.042,-10.4502,-18.4285,1807.2526
short,stop_loss,94681.5,94819.8023095334,2025-01-12 22:00:00,2025-01-12 22:05:00,0.0419,-5.7949,-13.7424,1793.5102
short,take_profit,94679.9,94330.39846377683,2025-01-14 06:20:00,2025-01-14 06:30:00,0.0419,14.6441,6.7359,1800.2461
long,take_profit,105396.5,106214.96538017895,2025-01-24 22:40:00,2025-01-24 22:40:00,0.037700000000000004,30.8561,22.8475,1823.0936
long,stop_loss,101964.0,101293.61727363704,2025-01-27 09:05:00,2025-01-27 09:10:00,0.038900000000000004,-26.0779,-33.9602,1789.1334
long,take_profit,104059.8,104266.51515928128,2025-01-31 17:05:00,2025-01-31 17:30:00,0.038200000000000005,7.8965,-0.0777,1789.0557
short,take_profit,104811.9,104559.32429076865,2025-01-31 21:20:00,2025-01-31 21:45:00,0.0379,9.5726,1.6387,1790.6945
short,take_profit,95781.4,95293.85628176447,2025-02-03 17:35:00,2025-02-03 17:55:00,0.0415,20.2331,12.317,1803.0115
short,stop_loss,97973.7,98288.23928138257,2025-02-05 19:40:00,2025-02-05 20:00:00,0.0405,-12.7388,-20.7068,1782.3047
short,stop_loss,98560.0,98947.1814211779,2025-02-05 22:25:00,2025-02-05 22:40:00,0.0403,-15.6034,-23.5835,1758.7212
short,take_profit,98863.9,98441.65571730072,2025-02-06 20:00:00,2025-02-06 20:30:00,0.0402,16.9742,9.0496,1767.7708
long,take_profit,96519.1,96832.26283836596,2025-02-07 01:20:00,2025-02-07 01:35:00,0.041100000000000005,12.871,4.9064,1772.6772
short,take_profit,97627.6,97351.04341632126,2025-02-07 12:30:00,2025-02-07 13:10:00,0.0407,11.2559,3.3182,1775.9954
short,stop_loss,97401.0,97604.51478448881,2025-02-07 18:35:00,2025-02-07 19:10:00,0.0408,-8.3034,-16.2795,1759.7159
long,stop_loss,96130.0,96012.29192984375,2025-02-08 14:40:00,2025-02-08 14:55:00,0.0413,-4.8613,-12.7969,1746.919
short,take_profit,98000.0,97765.6832667956,2025-02-11 10:00:00,2025-02-11 10:15:00,0.0405,9.4898,1.5658,1748.4848
long,stop_loss,96615.1,96463.99324665646,2025-02-14 21:15:00,2025-02-14 21:25:00,0.041100000000000005,-6.2105,-14.1431,1734.3417
long,stop_loss,96098.5,95968.87089865639,2025-02-17 12:55:00,2025-02-17 13:00:00,0.0413,-5.3537,-13.2824,1721.0593
short,stop_loss,97246.3,97346.03436240148,2025-02-20 18:50:00,2025-02-20 18:55:00,0.0408,-4.0692,-12.0143,1709.0451
short,stop_loss,98445.9,98526.47789831743,2025-02-21 15:15:00,2025-02-21 15:20:00,0.0403,-3.2473,-11.1902,1697.8549
short,stop_loss,86023.2,86293.66230954685,2025-03-02 08:15:00,2025-03-02 08:50:00,0.046200000000000005,-12.4954,-20.4805,1677.3744
long,stop_loss,85934.4,84661.84326045353,2025-03-04 04:05:00,2025-03-04 09:35:00,0.046200000000000005,-58.7921,-66.7241,1610.6503
short,stop_loss,79868.0,80524.15049591976,2025-03-11 12:25:00,2025-03-11 14:10:00,0.0497,-32.6107,-40.6495,1570.0008
short,stop_loss,83412.2,83676.99957811038,2025-03-14 20:40:00,2025-03-14 21:30:00,0.0476,-12.6045,-20.5871,1549.4138
long,take_profit,83933.0,84309.27317938227,2025-03-29 00:25:00,2025-03-29 06:30:00,0.0473,17.7977,9.7013,1559.1151
long,take_profit,83023.9,83171.124151208,2025-03-30 20:15:00,2025-03-30 20:25:00,0.0478,7.0373,-0.9172,1558.1979
long,stop_loss,84536.8,84361.79927336075,2025-04-02 12:55:00,2025-04-02 13:15:00,0.047,-8.225,-16.1617,1542.0363
long,stop_loss,79496.8,79172.63179733776,2025-04-08 15:15:00,2025-04-08 16:10:00,0.05,-16.2084,-24.1439,1517.8924
long,stop_loss,84079.9,83773.39113571476,2025-04-16 03:55:00,2025-04-16 06:45:00,0.0472,-14.4672,-22.4316,1495.4607
short,take_profit,84554.9,84267.8159180366,2025-04-17 06:00:00,2025-04-17 07:15:00,0.047,13.493,5.5469,1501.0077
long,stop_loss,84427.5,84323.65409843647,2025-04-20 18:35:00,2025-04-20 18:40:00,0.047,-4.8808,-12.8088,1488.1988
long,take_profit,93849.2,94111.36523609671,2025-04-28 01:00:00,2025-04-28 01:15:00,0.042300000000000004,11.0896,3.1228,1491.3216
short,take_profit,94602.9,94391.01472986054,2025-05-05 16:10:00,2025-05-05 18:05:00,0.042,8.8992,0.9323,1492.2539
short,stop_loss,94400.1,94868.09870831002,2025-05-07 00:25:00,2025-05-07 02:25:00,0.042100000000000005,-19.7027,-27.7304,1464.5235
short,stop_loss,97200.0,97608.9188155852,2025-05-07 08:30:00,2025-05-07 09:05:00,0.0409,-16.7248,-24.7208,1439.8027
short,take_profit,103924.1,103529.81193041166,2025-05-16 01:30:00,2025-05-16 02:20:00,0.038200000000000005,15.0618,7.1356,1446.9383
short,take_profit,103761.9,103611.9930527808,2025-05-16 18:40:00,2025-05-16 19:25:00,0.0383,5.7414,-2.2101,1444.7282
short,take_profit,103544.1,103377.67691935519,2025-05-17 12:25:00,2025-05-17 13:45:00,0.038400000000000004,6.3906,-1.5753,1443.1529
short,take_profit,103556.0,103393.64737705645,2025-05-17 13:10:00,2025-05-17 13:45:00,0.0383,6.2181,-1.7134,1441.4395
long,take_profit,105019.0,105310.58943261512,2025-05-20 16:20:00,2025-05-20 17:30:00,0.0378,11.0221,3.0374,1444.4769
long,take_profit,105000.0,105358.02630592398,2025-05-20 16:35:00,2025-05-20 17:50:00,0.0378,13.5334,5.5435,1450.0205
long,take_profit,108968.3,109264.71309262948,2025-05-27 03:45:00,2025-05-27 04:10:00,0.0364,10.7894,2.8267,1452.8472
short,take_profit,104793.0,104681.71430754529,2025-06-01 05:55:00,2025-06-01 05:55:00,0.0379,4.2177,-3.7171,1449.13
short,stop_loss,105400.7,105619.28625303185,2025-06-02 16:20:00,2025-06-02 16:25:00,0.037700000000000004,-8.2407,-16.2061,1432.924
long,take_profit,103939.9,104152.3256100844,2025-06-02 20:15:00,2025-06-02 20:40:00,0.038200000000000005,8.1147,0.1491,1433.0731
long,take_profit,105443.0,105791.25829608279,2025-06-04 06:05:00,2025-06-04 06:30:00,0.037700000000000004,13.1293,5.1444,1438.2175
short,take_profit,105821.6,105732.00633368127,2025-06-08 04:30:00,2025-06-08 05:45:00,0.0375,3.3598,-4.5949,1433.6226
short,take_profit,106245.8,106071.35318496845,2025-06-09 01:30:00,2025-06-09 01:55:00,0.0374,6.5243,-1.4181,1432.2045
short,take_profit,106199.9,106011.03234233806,2025-06-09 01:45:00,2025-06-09 02:00:00,0.0374,7.0637,-0.8709,1431.3335
short,stop_loss,108500.0,108784.17387074942,2025-06-10 03:35:00,2025-06-10 05:00:00,0.0366,-10.4008,-18.3919,1412.9416
long,take_profit,109630.7,109821.15886356635,2025-06-11 10:55:00,2025-06-11 11:20:00,0.0362,6.8946,-1.0647,1411.8769
long,take_profit,105233.7,105331.75064726394,2025-06-14 11:25:00,2025-06-14 11:30:00,0.037700000000000004,3.6965,-4.2472,1407.6298
short,take_profit,105450.0,105344.05313680602,2025-06-18 13:50:00,2025-06-18 13:50:00,0.037700000000000004,3.9942,-3.9487,1403.681
long,take_profit,101180.7,101397.45191594727,2025-06-23 20:25:00,2025-06-23 20:40:00,0.0392,8.4967,0.5422,1404.2232
short,take_profit,109422.9,109268.2123223052,2025-07-03 15:00:00,2025-07-03 15:00:00,0.0363,5.6152,-2.3177,1401.9055
